{
  "project_info": {
    "project_number": "920850279755",
    "firebase_url": "https://fir-fitfood.firebaseio.com",
    "project_id": "firebase-fitfood",
    "storage_bucket": "firebase-fitfood.appspot.com"
  },
  "client": [
    {
      "client_info": {
        "mobilesdk_app_id": "1:920850279755:android:dc62cd5b0723f918",
        "android_client_info": {
          "package_name": "fr.esiea.fitfood.fitfood"
        }
      },
      "oauth_client": [
        {
          "client_id": "920850279755-pecupjaj22fstm6n88u4uco5ai12e5dv.apps.googleusercontent.com",
          "client_type": 3
        },
        {
          "client_id": "920850279755-lo0cctl8h3q6sr2qb8lkanqh21tmla65.apps.googleusercontent.com",
          "client_type": 3
        }
      ],
      "api_key": [
        {
          "current_key": "AIzaSyBsAGFA67RvjZegEMatqIcbXd7Fany3HQY"
        }
      ],
      "services": {
        "analytics_service": {
          "status": 1
        },
        "appinvite_service": {
          "status": 1,
          "other_platform_oauth_client": []
        },
        "ads_service": {
          "status": 2
        }
      }
    },
    {
      "client_info": {
        "mobilesdk_app_id": "1:920850279755:android:fe7e735d315ae4f6",
        "android_client_info": {
          "package_name": "konid.soxzz5.fitfood"
        }
      },
      "oauth_client": [
        {
          "client_id": "920850279755-pecupjaj22fstm6n88u4uco5ai12e5dv.apps.googleusercontent.com",
          "client_type": 3
        },
        {
          "client_id": "920850279755-lo0cctl8h3q6sr2qb8lkanqh21tmla65.apps.googleusercontent.com",
          "client_type": 3
        }
      ],
      "api_key": [
        {
          "current_key": "AIzaSyBsAGFA67RvjZegEMatqIcbXd7Fany3HQY"
        }
      ],
      "services": {
        "analytics_service": {
          "status": 1
        },
        "appinvite_service": {
          "status": 2,
          "other_platform_oauth_client": [
            {
              "client_id": "920850279755-pecupjaj22fstm6n88u4uco5ai12e5dv.apps.googleusercontent.com",
              "client_type": 3
            }
          ]
        },
        "ads_service": {
          "status": 2
        }
      }
    }
  ],
  "configuration_version": "1"
}